{"common":{"js":"/src/js/common.min.js","css":"/src/css/common.min.css"},"account":{"js":"/src/js/account.min.js","css":"/src/css/account.min.css"},"accountMed":{"js":"/src/js/accountMed.min.js","css":"/src/css/accountMed.min.css"},"course":{"js":"/src/js/course.min.js","css":"/src/css/course.min.css"},"doctorTest":{"js":"/src/js/doctorTest.min.js","css":"/src/css/doctorTest.min.css"},"doctors":{"js":"/src/js/doctors.min.js","css":"/src/css/doctors.min.css"},"experts":{"js":"/src/js/experts.min.js","css":"/src/css/experts.min.css"},"index":{"js":"/src/js/index.min.js","css":"/src/css/index.min.css"},"page404":{"js":"/src/js/page404.min.js","css":"/src/css/page404.min.css"},"questionPage":{"js":"/src/js/questionPage.min.js","css":"/src/css/questionPage.min.css"},"signIn":{"js":"/src/js/signIn.min.js","css":"/src/css/signIn.min.css"},"test":{"js":"/src/js/test.min.js","css":"/src/css/test.min.css"},"":{"html":["/src/account.html","/src/accountMed.html","/src/course.html","/src/doctorTest.html","/src/doctors.html","/src/experts.html","/src/index.html","/src/page404.html","/src/questionPage.html","/src/signIn.html","/src/test.html"],"ttf":["/src/fonts/opensans.ttf","/src/fonts/opensansbold.ttf","/src/fonts/opensansbolditalic.ttf","/src/fonts/opensansextrabold.ttf","/src/fonts/opensansextrabolditalic.ttf","/src/fonts/opensansitalic.ttf","/src/fonts/opensanslight.ttf","/src/fonts/opensanslightitalic.ttf","/src/fonts/opensanssemibold.ttf","/src/fonts/opensanssemibolditalic.ttf"],"woff":["/src/fonts/opensans.woff","/src/fonts/opensansbold.woff","/src/fonts/opensansbolditalic.woff","/src/fonts/opensansextrabold.woff","/src/fonts/opensansextrabolditalic.woff","/src/fonts/opensansitalic.woff","/src/fonts/opensanslight.woff","/src/fonts/opensanslightitalic.woff","/src/fonts/opensanssemibold.woff","/src/fonts/opensanssemibolditalic.woff"],"woff2":["/src/fonts/opensans.woff2","/src/fonts/opensansbold.woff2","/src/fonts/opensansbolditalic.woff2","/src/fonts/opensansextrabold.woff2","/src/fonts/opensansextrabolditalic.woff2","/src/fonts/opensansitalic.woff2","/src/fonts/opensanslight.woff2","/src/fonts/opensanslightitalic.woff2","/src/fonts/opensanssemibold.woff2","/src/fonts/opensanssemibolditalic.woff2"],"png":["/src/icons/account.png","/src/icons/bad-desctop.png","/src/icons/bad-mobile.png","/src/icons/book.png","/src/icons/calendar.png","/src/icons/chat.png","/src/icons/circle.png","/src/icons/couple.png","/src/icons/course-page.png","/src/icons/course1.png","/src/icons/course10.png","/src/icons/course2.png","/src/icons/course3.png","/src/icons/course4.png","/src/icons/course5.png","/src/icons/course6.png","/src/icons/course7.png","/src/icons/course8.png","/src/icons/course9.png","/src/icons/doc.png","/src/icons/doctors1.png","/src/icons/dox1.png","/src/icons/dox2.png","/src/icons/dox3.png","/src/icons/experts-arrow.png","/src/icons/experts-video.png","/src/icons/experts.png","/src/icons/foot-do2.png","/src/icons/footer-back-mobile.png","/src/icons/gg.png","/src/icons/girl-business.png","/src/icons/girl-comp.png","/src/icons/girl-with-baby.png","/src/icons/girl-write.png","/src/icons/grom.png","/src/icons/hand.png","/src/icons/home.png","/src/icons/law.png","/src/icons/logo-dop.png","/src/icons/nurse.png","/src/icons/page404.png","/src/icons/partner1.png","/src/icons/partner2.png","/src/icons/partner3.png","/src/icons/pers.png","/src/icons/question.png","/src/icons/services-back.png","/src/icons/step-line-desktop.png","/src/icons/step-line-mobile.png","/src/icons/step1.png","/src/icons/step2.png","/src/icons/step3.png","/src/icons/step4.png","/src/icons/tags-desktop.png","/src/icons/tags-mobile-first.png","/src/icons/tags-mobile-second.png","/src/icons/tags-mobile.png","/src/icons/test.png","/src/icons/town.png","/src/icons/town2.png","/src/icons/ui-icons_444444_256x240.png","/src/icons/ui-icons_555555_256x240.png","/src/icons/ui-icons_777620_256x240.png","/src/icons/ui-icons_777777_256x240.png","/src/icons/ui-icons_cc0000_256x240.png","/src/icons/ui-icons_ffffff_256x240.png"],"svg":["/src/icons/bird.svg","/src/icons/but1.svg","/src/icons/but2.svg","/src/icons/but3.svg","/src/icons/but4.svg","/src/icons/c.svg","/src/icons/canada.svg","/src/icons/circle-type-mobile-active.svg","/src/icons/circle-type-mobile.svg","/src/icons/develop.svg","/src/icons/dv.svg","/src/icons/line-header.svg","/src/icons/line-type-mobile.svg","/src/icons/logo.svg","/src/icons/oval-type-header.svg","/src/icons/pd.svg","/src/icons/pdf.svg","/src/icons/play-video.svg","/src/icons/play.svg","/src/icons/plus.svg","/src/icons/plus2.svg","/src/icons/return.svg","/src/icons/sos.svg","/src/icons/txt.svg"]}}